{
    "$schema": "http://json-schema.org/draft-06/schema#",
    "$id": "http://example.com/user.json",
    "type": "object",
    "properties": {
        "id": {
            "type": "string",
            "title": "User ID",
            "minLength": 24,
            "maxLength": 24,
            "description": "用户编号，由数据库生成。这里使用MongoDb的默认的格式",
            "examples": [
                "5a06d37b7424c62dcc295c91"
            ]
        },
        "name": {
            "type": "string",
            "title": "User Name",
            "minLength": 2,
            "maxLength": 20,
            "description": "用户名称",
            "default": ""
        },
        "avatar": {
            "type": "string",
            "title": "User avatar",
            "description": "头像",
            "default": ""
        },
        "phone": {
            "type": "string",
            "title": "Phone number",
            "minLength": 11,
            "maxLength": 14,
            "description": "用户手机号",
            "default": "",
            "examples": [
                "12344556789",
                "123-4455-6789"
            ]
        },
        "orderList": {
            "type": "array",
            "title": "Order list",
            "description": "食物类别",
            "item": {
                "$ref": "Order"
            },
            "default": "Chinese"
        }
    },
    "required": [
        "id",
        "name",
        "avatar",
        "phone"
    ]
}